Date,Location,Latitude,Longitude,SST (°C),pH Level,Bleaching Severity,Species Observed,Marine Heatwave
1/1/15,Red Sea,20.0248,38.4931,29.47,8.107,None,106,FALSE
1/7/15,Great Barrier Reef,-18.2988,147.7782,29.65,8.004,High,116,FALSE
1/14/15,Caribbean Sea,14.9768,-75.0233,28.86,7.947,High,90,FALSE
1/20/15,Great Barrier Reef,-18.3152,147.6486,28.97,7.995,Medium,94,FALSE
1/27/15,Galápagos,-0.8805,-90.9769,28.6,7.977,None,110,FALSE
2/2/15,Red Sea,20.0055,38.4425,29.06,8.009,Low,109,FALSE
2/9/15,South China Sea,9.9699,115.0926,28.48,7.998,None,132,FALSE
2/16/15,Red Sea,19.939,38.5104,25.56,8.042,Low,152,FALSE
2/22/15,Maldives,3.2397,73.2293,28.33,8.038,Low,99,FALSE
3/1/15,Caribbean Sea,14.964,-75.023,30.09,8.035,High,77,TRUE
3/7/15,Galápagos,-0.9376,-90.9849,27.48,8.101,None,145,FALSE
3/14/15,Caribbean Sea,15.0466,-75.042,28.04,8.076,High,139,FALSE
3/21/15,Galápagos,-0.9778,-90.9749,26.84,8.023,None,148,FALSE
3/27/15,South China Sea,10.0678,114.9964,30.01,8.038,High,95,TRUE
4/3/15,Red Sea,20.0181,38.5769,28.45,8.129,High,81,FALSE
4/9/15,South China Sea,10.0411,115.0044,28.05,8.064,Medium,94,FALSE
4/16/15,Caribbean Sea,14.989,-74.9821,30.72,7.98,High,85,TRUE
4/22/15,Caribbean Sea,14.9749,-74.9542,28.99,8.014,None,122,FALSE
4/29/15,Caribbean Sea,15.0049,-74.9516,27.45,8.055,Low,124,FALSE
5/6/15,Maldives,3.1296,73.2355,28.89,8.042,Low,112,FALSE
5/12/15,Great Barrier Reef,-18.3579,147.6782,27.99,8.02,None,122,FALSE
5/19/15,Hawaiian Islands,19.917,-155.4885,28.76,8.058,Low,116,FALSE
5/25/15,Great Barrier Reef,-18.383,147.6979,28.59,8.171,Medium,116,FALSE
6/1/15,Great Barrier Reef,-18.272,147.6975,26.75,8.142,Medium,148,FALSE
6/8/15,Red Sea,20.0396,38.4545,30.6,7.938,None,107,TRUE
6/14/15,Red Sea,20.1095,38.4505,27.65,8.072,None,120,FALSE
6/21/15,Hawaiian Islands,19.8193,-155.5794,26.91,8.106,Low,122,FALSE
6/27/15,Galápagos,-0.8763,-91.0048,28.02,8.1,High,106,FALSE
7/4/15,Galápagos,-0.9424,-90.9002,26.09,8.107,Low,148,FALSE
7/10/15,Maldives,3.2419,73.1589,26.52,8.116,High,144,FALSE
7/17/15,Red Sea,20.0125,38.5173,27.48,8.082,Medium,134,FALSE
7/24/15,Great Barrier Reef,-18.3228,147.7925,29.21,7.976,High,122,FALSE
7/30/15,Maldives,3.1541,73.2601,30.24,7.974,Low,117,TRUE
8/6/15,Red Sea,20.0206,38.5411,31.35,7.981,Medium,80,TRUE
8/12/15,South China Sea,9.9555,114.9592,28.38,8.069,Low,125,FALSE
8/19/15,Hawaiian Islands,19.9382,-155.5821,30.68,7.993,Low,138,TRUE
8/26/15,Caribbean Sea,15.0313,-75.0429,26.89,8.106,Medium,132,FALSE
9/1/15,Caribbean Sea,15.0357,-74.9763,28.39,8.01,Low,98,FALSE
9/8/15,Great Barrier Reef,-18.3094,147.742,28.82,7.981,Medium,119,FALSE
9/14/15,South China Sea,10.0193,114.9558,28.73,8.048,Medium,100,FALSE
9/21/15,Galápagos,-0.9359,-90.9376,30.12,8.07,None,83,TRUE
9/27/15,South China Sea,9.9531,115.0258,29.27,8.06,Medium,170,FALSE
10/4/15,Red Sea,20.0285,38.5568,29.93,8.054,None,100,FALSE
10/11/15,Red Sea,20.0379,38.4614,28.14,8.033,High,124,FALSE
10/17/15,Maldives,3.3185,73.1273,29.53,7.949,None,102,FALSE
10/24/15,Galápagos,-0.8994,-90.9624,26.88,8.047,None,146,FALSE
10/30/15,Great Barrier Reef,-18.3236,147.71,28.57,8.016,Low,151,FALSE
11/6/15,Great Barrier Reef,-18.2554,147.5979,28.78,8.011,None,129,FALSE
11/13/15,Galápagos,-0.9934,-90.9713,29.26,8.078,Medium,94,FALSE
11/19/15,Hawaiian Islands,19.8801,-155.6065,27.52,8.158,None,135,FALSE
11/26/15,South China Sea,9.937,115.0459,31.68,8.038,Medium,65,TRUE
12/2/15,Red Sea,19.9758,38.5633,27.44,8.093,Medium,142,FALSE
12/9/15,Hawaiian Islands,19.8505,-155.5858,23.64,8.096,High,164,FALSE
12/16/15,Galápagos,-1.0162,-90.884,26.35,8.071,Low,143,FALSE
12/22/15,Great Barrier Reef,-18.215,147.6274,30.24,8.016,Low,87,TRUE
12/29/15,South China Sea,10.0231,115.01,27.6,8.071,None,123,FALSE
1/4/16,Galápagos,-0.9481,-90.9325,30.88,7.941,Low,128,TRUE
1/11/16,Maldives,3.1052,73.2131,29.38,8.046,Low,101,FALSE
1/17/16,Hawaiian Islands,19.8864,-155.6075,27.62,8.11,Medium,134,FALSE
1/24/16,Red Sea,19.9654,38.545,28.96,8.081,High,124,FALSE
1/31/16,Galápagos,-0.9952,-90.9936,29.62,8.058,None,108,FALSE
2/6/16,Hawaiian Islands,19.9027,-155.5189,27.61,8.095,Medium,125,FALSE
2/13/16,South China Sea,9.9891,115.0549,29.74,8.066,Medium,127,FALSE
2/19/16,Great Barrier Reef,-18.286,147.7333,28.03,8.076,None,122,FALSE
2/26/16,South China Sea,10.0048,115.0298,27.27,8.179,None,117,FALSE
3/4/16,South China Sea,9.9393,115.0579,29.69,8.057,None,117,FALSE
3/10/16,Red Sea,19.9994,38.4551,28.61,8.014,Medium,133,FALSE
3/17/16,Red Sea,19.9926,38.4587,28.02,8.08,Low,116,FALSE
3/23/16,Great Barrier Reef,-18.3282,147.7114,28.87,8.017,None,109,FALSE
3/30/16,Maldives,3.2144,73.1483,26.39,8.056,Medium,137,FALSE
4/5/16,Galápagos,-0.9383,-90.8918,29.79,8.016,Medium,106,FALSE
4/12/16,Great Barrier Reef,-18.3372,147.6983,28.07,8.075,Medium,111,FALSE
4/19/16,Hawaiian Islands,19.9228,-155.5062,28.34,8.073,Medium,131,FALSE
4/25/16,Galápagos,-0.9739,-90.9544,28.52,8.055,Medium,108,FALSE
5/2/16,Maldives,3.204,73.2456,30.68,8.054,High,130,TRUE
5/8/16,Great Barrier Reef,-18.3255,147.7428,28.78,8.154,None,105,FALSE
5/15/16,Galápagos,-0.9958,-90.9956,25.31,8.087,None,140,FALSE
5/22/16,Caribbean Sea,15.0075,-74.9829,31.31,8.041,Low,83,TRUE
5/28/16,South China Sea,9.9551,115.0246,26.52,8.181,None,157,FALSE
6/4/16,Caribbean Sea,14.9765,-75.0857,30.53,8.004,Medium,118,TRUE
6/10/16,Galápagos,-1.0335,-90.9956,28.51,8.052,Low,113,FALSE
6/17/16,Caribbean Sea,15.0311,-75.0534,28.29,8.06,None,129,FALSE
6/23/16,Great Barrier Reef,-18.2515,147.643,26.2,8.16,Low,147,FALSE
6/30/16,Maldives,3.1654,73.2983,28.67,8.105,None,119,FALSE
7/7/16,Great Barrier Reef,-18.1841,147.787,28.13,8.106,None,133,FALSE
7/13/16,Maldives,3.2712,73.1725,29.53,8.082,High,83,FALSE
7/20/16,South China Sea,9.9408,114.898,28.1,8.094,None,146,FALSE
7/26/16,Great Barrier Reef,-18.2834,147.7806,26.43,8.006,None,139,FALSE
8/2/16,Red Sea,20.0192,38.4984,25.4,8.108,Low,131,FALSE
8/9/16,Galápagos,-0.9203,-90.9473,27.09,8.053,High,118,FALSE
8/15/16,Great Barrier Reef,-18.2902,147.747,27.02,8.105,Low,126,FALSE
8/22/16,Galápagos,-0.9934,-90.971,26.95,8.053,Low,117,FALSE
8/28/16,Maldives,3.301,73.2225,27.45,8.082,Medium,128,FALSE
9/4/16,Caribbean Sea,14.989,-74.9693,29.64,8.001,None,100,FALSE
9/11/16,Caribbean Sea,14.9862,-75.1151,26.23,8.164,Low,167,FALSE
9/17/16,Red Sea,19.9875,38.5288,28.97,8.195,None,132,FALSE
9/24/16,Caribbean Sea,14.9936,-75.0478,26.09,8.108,Low,132,FALSE
9/30/16,Hawaiian Islands,19.8257,-155.6151,26.88,8.167,Medium,149,FALSE
10/7/16,South China Sea,9.9996,115.074,28.62,8.005,None,141,FALSE
10/13/16,Great Barrier Reef,-18.2602,147.6473,28.21,8.012,Medium,102,FALSE
10/20/16,Great Barrier Reef,-18.2408,147.7947,26.4,8.12,High,131,FALSE
10/27/16,Great Barrier Reef,-18.3115,147.6696,27.2,8.078,Low,120,FALSE
11/2/16,Hawaiian Islands,19.9103,-155.5853,28.14,8.012,Low,114,FALSE
11/9/16,South China Sea,10.0378,115.025,27.03,8.084,Low,145,FALSE
11/15/16,Great Barrier Reef,-18.3706,147.7264,27.51,8.098,Low,118,FALSE
11/22/16,Galápagos,-1.044,-91.047,28.57,8.062,None,105,FALSE
11/29/16,South China Sea,10.0319,114.9169,28.4,7.991,High,111,FALSE
12/5/16,Maldives,3.2052,73.1777,27.92,8.112,None,117,FALSE
12/12/16,Galápagos,-0.912,-91.0221,29.29,8.106,Low,74,FALSE
12/18/16,Caribbean Sea,14.9602,-74.9711,28.2,8.075,None,113,FALSE
12/25/16,Great Barrier Reef,-18.2828,147.6914,30.25,8.028,None,107,TRUE
12/31/16,Great Barrier Reef,-18.3077,147.6748,27.85,8.083,Low,120,FALSE
1/7/17,Great Barrier Reef,-18.2726,147.803,29.81,8.008,High,124,FALSE
1/14/17,Great Barrier Reef,-18.3075,147.5973,26.99,7.987,None,129,FALSE
1/20/17,Hawaiian Islands,19.8977,-155.499,28.99,8.029,Low,127,FALSE
1/27/17,South China Sea,9.8894,115.0118,29.66,7.953,Medium,125,FALSE
2/2/17,Galápagos,-0.9369,-90.9864,29.45,8.145,None,113,FALSE
2/9/17,Great Barrier Reef,-18.2747,147.6762,27.23,8.117,High,119,FALSE
2/16/17,Hawaiian Islands,19.9004,-155.6067,29.22,8.052,High,128,FALSE
2/22/17,Hawaiian Islands,19.8713,-155.5963,27.03,8.057,High,140,FALSE
3/1/17,Galápagos,-0.916,-91.0117,29.8,8.092,High,113,FALSE
3/7/17,Maldives,3.2966,73.182,26.63,7.998,None,161,FALSE
3/14/17,Red Sea,20.0327,38.4972,28.92,7.985,High,152,FALSE
3/20/17,Caribbean Sea,15.0065,-74.9945,29.59,8.052,None,112,FALSE
3/27/17,South China Sea,9.9605,115.0236,31.32,8.061,Medium,115,TRUE
4/3/17,Red Sea,19.9744,38.4505,28.31,8.057,None,138,FALSE
4/9/17,Red Sea,19.9154,38.5765,28.26,8.033,None,107,FALSE
4/16/17,Galápagos,-1.0365,-90.9244,28.61,7.983,Low,99,FALSE
4/22/17,Hawaiian Islands,19.88,-155.4993,28.11,7.983,None,120,FALSE
4/29/17,Hawaiian Islands,19.8832,-155.7176,28.42,8.04,Low,131,FALSE
5/6/17,Great Barrier Reef,-18.1947,147.7555,28.1,8.003,High,162,FALSE
5/12/17,South China Sea,10.003,115.0007,28.46,8.061,Low,118,FALSE
5/19/17,South China Sea,9.9713,114.9727,28.45,8.024,High,109,FALSE
5/25/17,Hawaiian Islands,19.9021,-155.5955,30.76,7.872,None,113,TRUE
6/1/17,Hawaiian Islands,19.9591,-155.6865,27.99,8.042,None,104,FALSE
6/7/17,South China Sea,9.9611,114.9445,31.13,8.044,Low,112,TRUE
6/14/17,Red Sea,20.0361,38.4435,27.71,8.09,Medium,109,FALSE
6/21/17,Galápagos,-0.9182,-90.9776,27.94,8.097,Medium,132,FALSE
6/27/17,South China Sea,9.982,115.058,26.88,8.113,None,145,FALSE
7/4/17,Hawaiian Islands,19.8813,-155.5665,26.62,8.134,Medium,135,FALSE
7/10/17,Galápagos,-0.9799,-90.9131,27.44,8.001,None,107,FALSE
7/17/17,Hawaiian Islands,19.9271,-155.6468,31.13,7.893,High,119,TRUE
7/24/17,Great Barrier Reef,-18.2765,147.6944,27.68,8.086,High,127,FALSE
7/30/17,Great Barrier Reef,-18.2319,147.7049,28.73,8.027,Low,116,FALSE
8/6/17,Hawaiian Islands,19.9122,-155.6683,26.48,8.128,High,142,FALSE
8/12/17,Hawaiian Islands,19.8876,-155.5819,29.02,8.013,Low,103,FALSE
8/19/17,South China Sea,10.0098,114.9511,29.11,7.953,Medium,129,FALSE
8/26/17,Maldives,3.2264,73.2335,29.97,8.104,Low,120,FALSE
9/1/17,Great Barrier Reef,-18.3791,147.6352,27.56,8.07,Low,137,FALSE
9/8/17,South China Sea,9.9637,115.0093,27.37,8.042,Medium,110,FALSE
9/14/17,Hawaiian Islands,19.8506,-155.6504,27.04,8.132,Low,120,FALSE
9/21/17,Maldives,3.3344,73.2454,28.78,8.002,High,127,FALSE
9/27/17,Great Barrier Reef,-18.3159,147.7053,32.34,7.968,Medium,98,TRUE
10/4/17,Caribbean Sea,14.9648,-75.0017,31.16,7.966,Medium,120,TRUE
10/11/17,Great Barrier Reef,-18.2517,147.6711,29.45,8.08,None,119,FALSE
10/17/17,Red Sea,19.9215,38.4636,28.13,8.054,Low,133,FALSE
10/24/17,South China Sea,10.0089,114.9332,29.07,8.069,High,122,FALSE
10/30/17,Maldives,3.2568,73.2624,29.19,8.033,Low,88,FALSE
11/6/17,Great Barrier Reef,-18.2656,147.7096,28.91,7.978,Medium,99,FALSE
11/13/17,Great Barrier Reef,-18.2344,147.6972,29.52,8.031,High,110,FALSE
11/19/17,Galápagos,-0.9069,-90.9914,28.64,8.024,Low,112,FALSE
11/26/17,Hawaiian Islands,19.8813,-155.5717,27.78,8.127,Medium,113,FALSE
12/2/17,Galápagos,-0.9631,-90.9876,30.67,8.016,Low,113,TRUE
12/9/17,Galápagos,-1.0281,-90.9522,29.83,8.027,None,122,FALSE
12/15/17,Great Barrier Reef,-18.313,147.7697,31.95,7.963,High,78,TRUE
12/22/17,Maldives,3.2755,73.2997,27.72,8.045,None,123,FALSE
12/29/17,South China Sea,9.9328,114.9541,26.99,8.042,Low,134,FALSE
1/4/18,Red Sea,20.0117,38.5775,27,8.129,High,131,FALSE
1/11/18,Maldives,3.2003,73.2544,26.82,8.103,Medium,139,FALSE
1/17/18,Great Barrier Reef,-18.2625,147.7137,32.18,7.944,Low,75,TRUE
1/24/18,Great Barrier Reef,-18.3183,147.6714,27.54,8.129,None,150,FALSE
1/31/18,Red Sea,19.9715,38.4584,29.21,8.008,None,122,FALSE
2/6/18,Great Barrier Reef,-18.277,147.6234,30.82,8.093,High,87,TRUE
2/13/18,Maldives,3.1834,73.235,29,8.073,Low,145,FALSE
2/19/18,Great Barrier Reef,-18.2959,147.6593,26.43,8.055,Medium,140,FALSE
2/26/18,Galápagos,-0.8641,-90.9915,28.84,8.042,Low,134,FALSE
3/4/18,Hawaiian Islands,20.0231,-155.6093,27.77,8.117,High,137,FALSE
3/11/18,Red Sea,20.0923,38.5292,27.96,8.09,Low,142,FALSE
3/18/18,Maldives,3.2438,73.2461,30.1,8.076,Low,124,TRUE
3/24/18,Great Barrier Reef,-18.2547,147.6908,28.72,8.106,Low,105,FALSE
3/31/18,Maldives,3.2212,73.201,28.54,8.113,None,122,FALSE
4/6/18,Great Barrier Reef,-18.2848,147.6312,29.62,8.06,None,141,FALSE
4/13/18,Caribbean Sea,14.9846,-74.989,28.87,8.121,Low,114,FALSE
4/20/18,Galápagos,-0.9398,-90.9352,28.78,8.022,Medium,120,FALSE
4/26/18,Hawaiian Islands,19.9505,-155.6341,28.7,8.011,None,135,FALSE
5/3/18,Great Barrier Reef,-18.3633,147.6713,29.07,8.117,None,113,FALSE
5/9/18,Great Barrier Reef,-18.3149,147.7933,26.33,7.984,Medium,148,FALSE
5/16/18,Maldives,3.1777,73.1696,29.56,8.041,None,100,FALSE
5/23/18,Hawaiian Islands,19.8328,-155.5392,29.48,8.026,None,137,FALSE
5/29/18,Maldives,3.1493,73.1444,27.46,8.068,Low,134,FALSE
6/5/18,Maldives,3.1907,73.2383,26.62,8.16,None,137,FALSE
6/11/18,Great Barrier Reef,-18.2312,147.7163,29.19,8.065,Low,119,FALSE
6/18/18,Hawaiian Islands,19.9289,-155.5163,28.79,8.08,Low,115,FALSE
6/24/18,Hawaiian Islands,19.9688,-155.6166,31.2,7.994,High,71,TRUE
7/1/18,Hawaiian Islands,19.9032,-155.6169,29.76,7.992,Medium,100,FALSE
7/8/18,Caribbean Sea,14.9055,-75.0226,24.86,8.044,Medium,167,FALSE
7/14/18,Caribbean Sea,15.0393,-74.9787,27.05,8.077,None,134,FALSE
7/21/18,Great Barrier Reef,-18.345,147.7744,29.82,8.013,None,107,FALSE
7/27/18,South China Sea,10.0104,114.8979,28.13,8.023,Low,108,FALSE
8/3/18,Red Sea,19.9859,38.5899,29.46,8.002,High,118,FALSE
8/10/18,Hawaiian Islands,19.9668,-155.5366,28.59,8.016,None,129,FALSE
8/16/18,Great Barrier Reef,-18.2674,147.744,29.45,8.083,Medium,102,FALSE
8/23/18,South China Sea,10.0659,115.0099,31.61,7.953,None,114,TRUE
8/29/18,Caribbean Sea,15.0099,-75.0326,27.77,8.048,High,133,FALSE
9/5/18,Red Sea,20.0261,38.4713,28.46,8.158,Low,146,FALSE
9/11/18,Maldives,3.2246,73.2226,28.68,8.077,Medium,102,FALSE
9/18/18,Maldives,3.1899,73.1373,29.1,8.07,Medium,106,FALSE
9/25/18,Hawaiian Islands,19.9755,-155.6441,26.3,8.105,None,157,FALSE
10/1/18,Galápagos,-0.8696,-90.9885,30.12,8.016,None,101,TRUE
10/8/18,Red Sea,20.0442,38.5326,26.14,8.171,Low,164,FALSE
10/14/18,Caribbean Sea,14.9687,-74.9802,29.24,8.048,Low,104,FALSE
10/21/18,Great Barrier Reef,-18.3207,147.6979,30.26,8.042,Low,96,TRUE
10/28/18,Caribbean Sea,15.0386,-75.1424,30.22,7.929,None,97,TRUE
11/3/18,Great Barrier Reef,-18.3431,147.6345,30.24,7.992,Low,107,TRUE
11/10/18,Hawaiian Islands,19.8945,-155.5589,28.62,7.984,High,133,FALSE
11/16/18,Red Sea,19.9753,38.4222,27.86,8.138,None,139,FALSE
11/23/18,Great Barrier Reef,-18.3045,147.6817,28.02,8.163,None,130,FALSE
11/29/18,Caribbean Sea,15.0215,-74.9485,28.86,8.03,Medium,113,FALSE
12/6/18,Hawaiian Islands,19.8932,-155.5847,29.59,8.031,High,120,FALSE
12/13/18,Hawaiian Islands,19.8928,-155.5789,25.5,8.156,None,155,FALSE
12/19/18,Caribbean Sea,15.0499,-75.1448,31.63,7.98,Medium,105,TRUE
12/26/18,Red Sea,19.948,38.5306,26.92,8.05,None,164,FALSE
1/1/19,Great Barrier Reef,-18.2966,147.7101,29.81,8.049,Medium,109,FALSE
1/8/19,South China Sea,10.0182,115.1202,28.41,8.062,High,136,FALSE
1/15/19,Red Sea,20.0553,38.5594,29.46,7.974,High,134,FALSE
1/21/19,South China Sea,9.9427,115.0151,27.37,8.069,Low,136,FALSE
1/28/19,Red Sea,20.0161,38.5211,30.92,8.024,None,92,TRUE
2/3/19,Great Barrier Reef,-18.2389,147.7587,26.66,8.117,None,148,FALSE
2/10/19,Hawaiian Islands,19.8819,-155.514,28.27,8.061,High,119,FALSE
2/17/19,Red Sea,20.0008,38.4452,26.34,8.173,High,128,FALSE
2/23/19,Galápagos,-1.0034,-91.0733,27.54,8.003,None,154,FALSE
3/2/19,Galápagos,-0.9033,-91,31.88,8.032,High,81,TRUE
3/8/19,Hawaiian Islands,19.7718,-155.4683,26.42,8.009,Medium,156,FALSE
3/15/19,Red Sea,20.122,38.5692,29.35,8.063,None,124,FALSE
3/21/19,South China Sea,10.0379,115.0141,28.66,8.044,None,107,FALSE
3/28/19,Caribbean Sea,14.986,-75.0846,28.35,8.004,Low,104,FALSE
4/4/19,Red Sea,20.009,38.5696,29.88,7.944,Low,91,FALSE
4/10/19,South China Sea,10.047,114.9509,28.16,8.084,None,108,FALSE
4/17/19,Red Sea,20.0053,38.4333,27.6,8.084,Low,105,FALSE
4/23/19,Maldives,3.2248,73.2197,29.33,8.045,Medium,132,FALSE
4/30/19,Red Sea,20.0063,38.4785,28.68,8.073,None,118,FALSE
5/7/19,Maldives,3.2048,73.1856,27.51,8,Medium,156,FALSE
5/13/19,Hawaiian Islands,19.8346,-155.6174,27.42,8.116,Low,126,FALSE
5/20/19,Hawaiian Islands,19.9592,-155.6165,28.92,8,None,147,FALSE
5/26/19,Maldives,3.1434,73.2362,29.45,8.052,High,107,FALSE
6/2/19,Caribbean Sea,14.9935,-74.9978,28.28,8.103,Medium,155,FALSE
6/8/19,Caribbean Sea,14.9721,-75.0685,28.37,8.182,Medium,109,FALSE
6/15/19,Great Barrier Reef,-18.2051,147.7831,27.67,8.095,Medium,152,FALSE
6/22/19,Red Sea,19.981,38.4898,27.63,8.017,None,118,FALSE
6/28/19,Maldives,3.1416,73.2224,27.35,8.085,Low,108,FALSE
7/5/19,Caribbean Sea,15.0165,-74.9583,25.51,8.129,High,168,FALSE
7/11/19,Red Sea,19.9395,38.5836,29.13,8.002,High,112,FALSE
7/18/19,Caribbean Sea,15.0279,-74.9962,29.31,7.988,None,114,FALSE
7/25/19,Caribbean Sea,14.9293,-75.0056,27.14,8.04,None,152,FALSE
7/31/19,Galápagos,-0.8992,-90.9351,26.86,8.067,High,154,FALSE
8/7/19,Great Barrier Reef,-18.28,147.8152,29.09,8.048,Medium,109,FALSE
8/13/19,South China Sea,10.0067,114.9924,29.56,8.077,Medium,97,FALSE
8/20/19,Caribbean Sea,14.9334,-75.0918,29.26,7.98,Medium,80,FALSE
8/26/19,South China Sea,10.0194,115.1246,28.49,8.092,Low,121,FALSE
9/2/19,Galápagos,-0.9587,-90.9196,28.06,8.072,Low,129,FALSE
9/9/19,Great Barrier Reef,-18.3205,147.7488,28.24,8.017,Medium,130,FALSE
9/15/19,Maldives,3.1579,73.2221,28.49,8.105,None,127,FALSE
9/22/19,Hawaiian Islands,19.8955,-155.5419,30.59,8.036,Low,99,TRUE
9/28/19,Caribbean Sea,14.9344,-75.0533,28.04,8.029,None,121,FALSE
10/5/19,Galápagos,-0.951,-90.9391,28.39,8.076,Medium,122,FALSE
10/12/19,Caribbean Sea,14.9012,-75.047,28.28,7.994,Medium,131,FALSE
10/18/19,Red Sea,20.0765,38.5609,28.18,8.131,Medium,125,FALSE
10/25/19,Galápagos,-0.9707,-90.9963,28.05,8.04,None,127,FALSE
10/31/19,Caribbean Sea,15.008,-74.9998,29.16,8.096,Medium,127,FALSE
11/7/19,South China Sea,9.9258,114.8723,29.9,7.954,Low,102,FALSE
11/13/19,Caribbean Sea,14.9415,-75.0901,29.31,8.072,Medium,103,FALSE
11/20/19,Caribbean Sea,14.8704,-75.0273,29.09,7.964,High,116,FALSE
11/27/19,Hawaiian Islands,19.896,-155.5538,28.68,7.998,None,136,FALSE
12/3/19,Maldives,3.1949,73.2193,27.1,8.056,High,120,FALSE
12/10/19,South China Sea,9.9914,115.0856,26.44,8.01,Medium,162,FALSE
12/16/19,Caribbean Sea,14.9895,-75.0335,30.06,7.989,Medium,131,TRUE
12/23/19,South China Sea,10.0339,114.9756,31.74,7.955,Medium,98,TRUE
12/30/19,Hawaiian Islands,19.9118,-155.5177,30.84,8.005,Medium,85,TRUE
1/5/20,Red Sea,20.023,38.4661,31.52,7.996,Medium,84,TRUE
1/12/20,South China Sea,10.0092,114.9326,27.04,8.139,Medium,124,FALSE
1/18/20,Maldives,3.1505,73.2475,30.28,8.05,Low,117,TRUE
1/25/20,South China Sea,9.9622,114.9289,30.75,7.989,None,93,TRUE
2/1/20,Red Sea,20.0664,38.5278,29.18,8.145,None,103,FALSE
2/7/20,Red Sea,20.0464,38.5029,28.9,8.118,Low,123,FALSE
2/14/20,Great Barrier Reef,-18.2602,147.7528,27.95,8.019,None,109,FALSE
2/20/20,South China Sea,9.9017,115.1028,26.85,8.072,Medium,132,FALSE
2/27/20,Red Sea,20.0154,38.5408,29.79,7.995,High,104,FALSE
3/4/20,Caribbean Sea,15.0141,-75.0124,30.91,8.026,None,106,TRUE
3/11/20,Red Sea,20.0331,38.5587,28.77,7.98,None,123,FALSE
3/18/20,Great Barrier Reef,-18.3197,147.6728,29.38,8.094,None,111,FALSE
3/24/20,Caribbean Sea,15.0154,-74.9149,28.86,8.173,High,124,FALSE
3/31/20,Galápagos,-1.0418,-90.9279,29.07,8.103,Low,124,FALSE
4/6/20,Galápagos,-0.9607,-91.0268,28.19,8.014,None,114,FALSE
4/13/20,Galápagos,-0.9244,-90.8821,29.09,7.978,Medium,120,FALSE
4/20/20,Caribbean Sea,15.0598,-75.0305,28.3,8.055,High,110,FALSE
4/26/20,Great Barrier Reef,-18.2547,147.6932,29.13,7.993,None,107,FALSE
5/3/20,Caribbean Sea,15.0361,-75.0186,31.09,7.978,None,97,TRUE
5/9/20,Hawaiian Islands,19.9434,-155.6537,25.86,8.027,Low,165,FALSE
5/16/20,Great Barrier Reef,-18.3147,147.8271,27.65,8.076,Low,151,FALSE
5/22/20,South China Sea,10.1003,115.1031,30.31,8.065,Low,110,TRUE
5/29/20,Caribbean Sea,15.0389,-75.0276,27.27,8.074,Medium,129,FALSE
6/5/20,Caribbean Sea,14.9773,-74.9652,29.93,8.026,High,127,FALSE
6/11/20,Caribbean Sea,14.9429,-75.0097,27.42,7.978,Medium,129,FALSE
6/18/20,Great Barrier Reef,-18.2932,147.7749,29.45,7.98,Medium,138,FALSE
6/24/20,Red Sea,20.0611,38.5291,28.16,8.009,Low,117,FALSE
7/1/20,Red Sea,20.0544,38.5942,30.81,7.979,Medium,80,TRUE
7/8/20,South China Sea,10.007,114.9116,28.98,8.033,None,108,FALSE
7/14/20,South China Sea,9.9203,115.0257,27.7,8.007,Medium,84,FALSE
7/21/20,Caribbean Sea,14.9986,-74.9114,30.99,7.977,High,86,TRUE
7/27/20,South China Sea,10.0234,114.9501,28.95,8.079,Low,133,FALSE
8/3/20,Caribbean Sea,14.995,-75.0102,27.18,8.035,None,129,FALSE
8/9/20,Maldives,3.2212,73.2664,27.3,8.149,Medium,127,FALSE
8/16/20,Red Sea,19.9989,38.4626,24.86,8.167,Medium,167,FALSE
8/23/20,South China Sea,9.9859,115.0033,29.27,7.956,Low,104,FALSE
8/29/20,Maldives,3.2425,73.158,28.94,7.973,Low,122,FALSE
9/5/20,Red Sea,19.9982,38.4192,30.25,7.978,High,90,TRUE
9/11/20,Red Sea,20.01,38.5574,26.98,8.084,High,141,FALSE
9/18/20,Caribbean Sea,15.0347,-74.9912,27.95,8.02,High,126,FALSE
9/25/20,South China Sea,9.9464,114.8539,29.15,8.082,Low,78,FALSE
10/1/20,South China Sea,9.9495,115.031,31.59,7.989,High,78,TRUE
10/8/20,Galápagos,-0.9629,-90.8969,27.53,8.029,Medium,122,FALSE
10/14/20,Caribbean Sea,14.9523,-74.9939,30.94,8.017,None,91,TRUE
10/21/20,Hawaiian Islands,19.8822,-155.661,29.82,8.02,Low,104,FALSE
10/28/20,Great Barrier Reef,-18.1274,147.7141,27.37,8.051,None,148,FALSE
11/3/20,Caribbean Sea,15.0057,-75.0719,29.88,7.989,Low,134,FALSE
11/10/20,Red Sea,20.054,38.4776,30.42,8.015,Medium,113,TRUE
11/16/20,Maldives,3.227,73.1784,27.53,8.121,Low,124,FALSE
11/23/20,Hawaiian Islands,19.8766,-155.6306,29.14,8.14,High,97,FALSE
11/29/20,Caribbean Sea,15.0012,-74.9294,28.38,8.075,None,105,FALSE
12/6/20,Great Barrier Reef,-18.2657,147.6898,29.98,8.08,High,144,FALSE
12/13/20,Hawaiian Islands,19.9258,-155.5665,28.79,8.027,Medium,122,FALSE
12/19/20,South China Sea,9.9852,115.0084,30.48,7.96,Medium,117,TRUE
12/26/20,Galápagos,-0.8879,-90.9715,25.32,8.083,None,171,FALSE
1/1/21,Red Sea,19.9989,38.45,27.74,8.107,None,135,FALSE
1/8/21,Caribbean Sea,14.9881,-75.0183,27.91,8.016,Low,150,FALSE
1/15/21,Red Sea,19.9839,38.5609,30.78,8.054,High,90,TRUE
1/21/21,Red Sea,20.0202,38.4988,27.14,8.093,Medium,115,FALSE
1/28/21,South China Sea,10.0594,114.9768,28.8,8.058,None,113,FALSE
2/3/21,South China Sea,10.0293,114.9763,29.81,7.957,Medium,108,FALSE
2/10/21,Great Barrier Reef,-18.1902,147.6492,27.48,8.096,Low,132,FALSE
2/16/21,Caribbean Sea,15.0175,-74.9755,29.45,8.086,Medium,116,FALSE
2/23/21,Hawaiian Islands,19.8847,-155.5492,31.35,7.986,High,76,TRUE
3/2/21,Galápagos,-0.8984,-90.9716,25.24,8.158,Low,144,FALSE
3/8/21,Great Barrier Reef,-18.2916,147.7158,28.79,8.08,Low,110,FALSE
3/15/21,South China Sea,10.0257,114.987,29.61,8.059,None,94,FALSE
3/21/21,Galápagos,-0.8995,-90.9924,29.71,8.044,Medium,135,FALSE
3/28/21,Great Barrier Reef,-18.2983,147.6817,28.47,8.035,Low,132,FALSE
4/4/21,Great Barrier Reef,-18.3679,147.6465,26.9,8.13,Medium,161,FALSE
4/10/21,Great Barrier Reef,-18.2923,147.6908,28.61,8.106,None,105,FALSE
4/17/21,Caribbean Sea,15.0119,-74.9512,29.25,8.044,None,127,FALSE
4/23/21,Hawaiian Islands,19.7616,-155.5489,27.52,7.978,High,137,FALSE
4/30/21,Maldives,3.2715,73.2138,29.93,8.102,Medium,125,FALSE
5/6/21,Maldives,3.2848,73.2578,28.61,7.968,None,115,FALSE
5/13/21,Maldives,3.1606,73.3292,28.24,8.061,None,130,FALSE
5/20/21,Maldives,3.205,73.3055,27.57,8.078,High,118,FALSE
5/26/21,Maldives,3.1368,73.1901,28.44,8.03,Low,110,FALSE
6/2/21,Caribbean Sea,14.9297,-75.0042,26.24,8.133,None,143,FALSE
6/8/21,South China Sea,9.9271,114.9845,27.37,8.089,None,151,FALSE
6/15/21,Maldives,3.109,73.2265,28.26,8.088,Low,125,FALSE
6/22/21,Red Sea,19.9624,38.484,27.31,8.128,None,132,FALSE
6/28/21,Galápagos,-0.8587,-90.9686,27.44,7.996,Low,103,FALSE
7/5/21,Great Barrier Reef,-18.3663,147.7126,29.26,7.956,Low,125,FALSE
7/11/21,Maldives,3.1786,73.228,30.92,8.046,None,91,TRUE
7/18/21,Galápagos,-0.9984,-91.0732,27.42,8.061,None,115,FALSE
7/25/21,Great Barrier Reef,-18.2937,147.703,28.16,8.024,Medium,125,FALSE
7/31/21,Hawaiian Islands,19.9189,-155.6373,30.62,8.003,Low,99,TRUE
8/7/21,Maldives,3.2382,73.2324,29.93,8.036,Medium,96,FALSE
8/13/21,Galápagos,-0.9357,-91.0228,28.66,8.045,Low,115,FALSE
8/20/21,Hawaiian Islands,19.8904,-155.6769,27.68,8.071,High,130,FALSE
8/26/21,Great Barrier Reef,-18.3385,147.7625,27.2,8.124,None,139,FALSE
9/2/21,Red Sea,19.9677,38.5888,26.71,8.132,High,152,FALSE
9/9/21,South China Sea,9.9665,115.0696,28.12,8.072,Medium,127,FALSE
9/15/21,Red Sea,19.9933,38.5405,29.69,7.939,None,127,FALSE
9/22/21,Hawaiian Islands,19.8137,-155.5312,30.19,7.962,Low,96,TRUE
9/28/21,Galápagos,-1.0091,-90.9763,28.04,8.098,None,144,FALSE
10/5/21,South China Sea,10.0698,114.9719,28.19,7.972,Medium,111,FALSE
10/12/21,Galápagos,-0.9056,-90.8848,26.65,8.057,Medium,138,FALSE
10/18/21,Great Barrier Reef,-18.2731,147.6587,29.14,8.014,Low,113,FALSE
10/25/21,Great Barrier Reef,-18.2598,147.6995,27.85,8.058,Medium,125,FALSE
10/31/21,South China Sea,9.9815,114.9871,30.9,8.03,Medium,91,TRUE
11/7/21,Red Sea,20.0348,38.4833,30.26,8.033,Low,100,TRUE
11/13/21,Maldives,3.2252,73.1422,26.81,8.024,None,139,FALSE
11/20/21,Red Sea,20.0866,38.6116,29.46,8.056,Medium,83,FALSE
11/27/21,Great Barrier Reef,-18.3142,147.6598,27.57,8.06,High,122,FALSE
12/3/21,South China Sea,9.901,115.0374,26.89,8.094,High,167,FALSE
12/10/21,Hawaiian Islands,19.8508,-155.7093,28.07,8.114,Medium,153,FALSE
12/16/21,Red Sea,19.9385,38.5248,27.8,8.059,None,166,FALSE
12/23/21,Red Sea,19.9249,38.5127,29.2,8.09,None,114,FALSE
12/30/21,South China Sea,10.0154,114.9804,28.9,8.025,Low,125,FALSE
1/5/22,Red Sea,19.9815,38.5189,28.46,8.107,Medium,119,FALSE
1/12/22,Hawaiian Islands,19.8081,-155.5197,27.14,8.044,Low,124,FALSE
1/18/22,South China Sea,10.0687,114.8932,33.21,8.009,Low,76,TRUE
1/25/22,Hawaiian Islands,19.8941,-155.5685,29.28,8.067,High,120,FALSE
1/31/22,Hawaiian Islands,19.9013,-155.5927,28.27,8.045,None,139,FALSE
2/7/22,Red Sea,20.0297,38.353,29.48,8.04,High,109,FALSE
2/14/22,Hawaiian Islands,19.8774,-155.5266,29.92,7.983,Medium,111,FALSE
2/20/22,South China Sea,9.9514,114.931,27.56,8.112,Low,143,FALSE
2/27/22,Caribbean Sea,15.0257,-74.9637,29.27,8.002,Low,118,FALSE
3/5/22,South China Sea,10.04,115.0377,30.28,8.05,None,107,TRUE
3/12/22,Caribbean Sea,15.0535,-75.0013,27.18,8.068,Medium,122,FALSE
3/19/22,Galápagos,-0.9876,-90.9728,27.31,8.058,High,103,FALSE
3/25/22,Galápagos,-0.9431,-90.9655,27.27,8.107,Medium,146,FALSE
4/1/22,Red Sea,19.9196,38.4619,27.35,8.026,Low,143,FALSE
4/7/22,South China Sea,9.9903,114.9868,25.49,8.142,Medium,131,FALSE
4/14/22,Galápagos,-0.9508,-90.9517,30.54,7.944,High,54,TRUE
4/20/22,Hawaiian Islands,19.906,-155.4928,30.36,8.023,Medium,94,TRUE
4/27/22,Great Barrier Reef,-18.2467,147.6505,29.21,8.061,High,128,FALSE
5/4/22,South China Sea,10.138,115.0196,27.74,8.064,Medium,101,FALSE
5/10/22,Red Sea,19.9653,38.4795,27.71,8.073,High,115,FALSE
5/17/22,Galápagos,-0.8977,-90.9656,28.49,8.034,High,122,FALSE
5/23/22,Great Barrier Reef,-18.2458,147.6558,27.51,8.055,Medium,109,FALSE
5/30/22,Galápagos,-0.9948,-90.9894,29.81,8.037,None,109,FALSE
6/6/22,Great Barrier Reef,-18.2446,147.6923,29.09,8.033,Low,118,FALSE
6/12/22,Galápagos,-0.9829,-91.0875,28.3,8.125,None,135,FALSE
6/19/22,Hawaiian Islands,19.9451,-155.521,28.63,8.057,Medium,109,FALSE
6/25/22,South China Sea,9.9842,115.0308,30.31,8.007,Medium,95,TRUE
7/2/22,Red Sea,20,38.5301,26.33,7.979,None,133,FALSE
7/9/22,Red Sea,19.939,38.4746,28.28,8.032,Medium,144,FALSE
7/15/22,Maldives,3.2191,73.2357,29.43,7.974,Low,126,FALSE
7/22/22,Great Barrier Reef,-18.2909,147.7327,26.89,8.004,None,148,FALSE
7/28/22,Great Barrier Reef,-18.2683,147.6541,27.2,8.132,Medium,115,FALSE
8/4/22,Red Sea,20.0821,38.455,29.46,8.014,Medium,119,FALSE
8/10/22,Red Sea,19.9728,38.4919,28.56,7.999,None,130,FALSE
8/17/22,Great Barrier Reef,-18.3128,147.6878,27.01,7.952,Low,132,FALSE
8/24/22,Galápagos,-0.8332,-90.9264,28.47,8.037,None,120,FALSE
8/30/22,South China Sea,10.0274,114.941,30.17,8.052,Low,114,TRUE
9/6/22,Galápagos,-0.9319,-90.9646,29.51,8.059,Medium,104,FALSE
9/12/22,Red Sea,19.9713,38.5051,30.82,7.942,Medium,74,TRUE
9/19/22,Hawaiian Islands,19.905,-155.5803,28.76,8.057,None,114,FALSE
9/26/22,Hawaiian Islands,19.9713,-155.6628,27.26,8.07,Low,107,FALSE
10/2/22,Hawaiian Islands,19.888,-155.4997,28.53,8.061,Low,100,FALSE
10/9/22,Maldives,3.172,73.2019,28.02,8.124,Low,133,FALSE
10/15/22,South China Sea,9.9444,115.0123,29.25,8.092,Medium,136,FALSE
10/22/22,Hawaiian Islands,19.846,-155.6233,26.61,8.076,High,145,FALSE
10/28/22,Great Barrier Reef,-18.2377,147.6954,28.02,8.067,High,112,FALSE
11/4/22,South China Sea,10.1045,114.9196,28.78,8.146,Medium,117,FALSE
11/11/22,Hawaiian Islands,19.8873,-155.6007,28.23,8.124,None,89,FALSE
11/17/22,Galápagos,-0.8771,-91.0368,28.1,8.037,None,132,FALSE
11/24/22,Caribbean Sea,14.9201,-74.9769,31.54,7.921,Low,92,TRUE
11/30/22,Red Sea,19.9669,38.5213,28.53,8.017,None,127,FALSE
12/7/22,South China Sea,10.0902,114.9905,29.58,7.964,Medium,94,FALSE
12/14/22,Caribbean Sea,15.0236,-74.9258,29.03,8.024,None,114,FALSE
12/20/22,Hawaiian Islands,19.8343,-155.5526,29.82,8.001,None,99,FALSE
12/27/22,Caribbean Sea,15.0133,-75.0218,28.4,8.157,None,117,FALSE
1/2/23,Caribbean Sea,14.9821,-75.0324,29.62,8.019,None,99,FALSE
1/9/23,Red Sea,20.0661,38.571,27.6,7.975,None,144,FALSE
1/15/23,Red Sea,19.9658,38.5395,25.54,8.154,High,131,FALSE
1/22/23,Red Sea,20.0365,38.5007,27.07,8.058,High,144,FALSE
1/29/23,Red Sea,20.0053,38.5292,31.46,7.912,None,114,TRUE
2/4/23,Hawaiian Islands,19.902,-155.6277,26.5,8.08,None,153,FALSE
2/11/23,Caribbean Sea,14.9936,-74.9244,26.32,8.093,Low,122,FALSE
2/17/23,Caribbean Sea,15.0182,-74.9557,27.87,7.932,High,129,FALSE
2/24/23,Galápagos,-0.932,-90.9454,30.35,7.959,None,111,TRUE
3/3/23,Caribbean Sea,15.0596,-75.0889,28.98,8.015,Medium,113,FALSE
3/9/23,Red Sea,20.0174,38.4756,27.49,8.072,Medium,113,FALSE
3/16/23,Great Barrier Reef,-18.3414,147.7332,26.78,8.118,Low,144,FALSE
3/22/23,South China Sea,9.9137,114.9661,30.29,7.965,Low,95,TRUE
3/29/23,Galápagos,-0.9307,-90.9264,28.12,8.028,High,145,FALSE
4/5/23,South China Sea,10.0869,115.0489,28.63,8.007,High,106,FALSE
4/11/23,Maldives,3.2289,73.2416,30.6,8.04,Low,76,TRUE
4/18/23,South China Sea,10.0526,114.9501,27.92,8.074,None,155,FALSE
4/24/23,Great Barrier Reef,-18.1316,147.7295,28.23,8.082,Medium,136,FALSE
5/1/23,Red Sea,19.984,38.5898,28.85,8.068,Low,126,FALSE
5/7/23,Red Sea,20.0211,38.5419,27.57,8.041,None,112,FALSE
5/14/23,Great Barrier Reef,-18.2651,147.7381,29.19,8.12,None,113,FALSE
5/21/23,Hawaiian Islands,19.9302,-155.6374,27.92,8.096,Medium,138,FALSE
5/27/23,Red Sea,19.9853,38.4964,26.22,8.078,None,156,FALSE
6/3/23,Galápagos,-0.925,-90.9406,28.57,8.049,Low,109,FALSE
6/9/23,Hawaiian Islands,19.9317,-155.5618,29.24,8.009,Low,80,FALSE
6/16/23,South China Sea,10.0549,114.9761,27.21,8.111,Low,127,FALSE
6/23/23,Hawaiian Islands,19.9498,-155.5519,29.53,7.961,Medium,127,FALSE
6/29/23,Galápagos,-0.9407,-90.9841,28.72,7.957,None,123,FALSE
7/6/23,Maldives,3.1513,73.1531,26.22,8.151,Medium,133,FALSE
7/12/23,Caribbean Sea,15.0767,-75.0268,25.94,8.045,Low,164,FALSE
7/19/23,Galápagos,-0.9616,-90.993,28.74,8.07,Low,134,FALSE
7/25/23,Hawaiian Islands,19.9692,-155.6008,26.51,8.069,None,143,FALSE
8/1/23,Caribbean Sea,14.9518,-75.0479,29.02,8.037,High,115,FALSE
8/8/23,Caribbean Sea,14.9621,-75.0115,27.11,8.122,Medium,149,FALSE
8/14/23,Maldives,3.1105,73.1742,26.26,8.062,Low,141,FALSE
8/21/23,South China Sea,9.9275,114.9539,26.99,8.09,Medium,136,FALSE
8/27/23,Galápagos,-0.9899,-90.9568,27.68,8.053,Low,153,FALSE
9/3/23,Caribbean Sea,15.067,-75.065,29.74,8.066,Low,90,FALSE
9/10/23,Red Sea,20.0409,38.5769,26.82,8.038,None,152,FALSE
9/16/23,Hawaiian Islands,19.9104,-155.5552,29.01,8.059,Low,94,FALSE
9/23/23,Galápagos,-0.9014,-90.9071,28.16,8.055,Low,100,FALSE
9/29/23,Red Sea,20.0257,38.5286,28.41,8.108,High,115,FALSE
10/6/23,Great Barrier Reef,-18.2589,147.6482,28.46,8.042,Medium,123,FALSE
10/12/23,South China Sea,9.9815,114.9934,29.74,8.003,None,83,FALSE
10/19/23,Red Sea,20.0875,38.5691,26.56,8.123,None,131,FALSE
10/26/23,Caribbean Sea,15.0132,-74.9853,28.15,8.018,High,113,FALSE
11/1/23,Great Barrier Reef,-18.3329,147.6576,28.4,8.016,None,131,FALSE
11/8/23,Hawaiian Islands,19.9712,-155.6118,28.86,8.068,None,123,FALSE
11/14/23,Great Barrier Reef,-18.2833,147.7363,29.22,7.974,Medium,125,FALSE
11/21/23,Hawaiian Islands,19.9412,-155.621,28.56,8.083,Medium,116,FALSE
11/28/23,Great Barrier Reef,-18.2335,147.8174,27.32,8.005,Low,136,FALSE
12/4/23,Galápagos,-0.9177,-90.9771,30.68,7.939,Medium,108,TRUE
12/11/23,Maldives,3.1725,73.3067,31.49,7.952,Medium,81,TRUE
12/17/23,Caribbean Sea,15.043,-75.0194,28.43,8.053,Low,91,FALSE
12/24/23,Red Sea,19.9993,38.4655,27.76,8.137,Medium,108,FALSE
12/31/23,Red Sea,20.0407,38.4861,28.08,8.098,None,129,FALSE